text,sentiment
"Incredible experience, would do it again in a heartbeat",positive
"Worst experience of my life, would not recommend at all",negative
That sunset was absolutely breathtaking 🌅,positive
"So frustrated right now, nothing is working out",negative
So happy with how things turned out today!,positive
"Had lunch at that new place downtown, it was fine",neutral
Just had the best coffee of my life ☕ totally worth it,positive
"The library was quiet today, got some work done",neutral
"Feeling so down and hopeless today, everything sucks",negative
"This restaurant is genuinely amazing, A+ would return",positive
Finished my workout feeling like a champion 💪,positive
The food was cold and the waiter was extremely rude,negative
This is absolutely terrible and I want my money back,negative
Today was an absolute disaster from start to finish,negative
"This is a disgrace, I am never coming back here again",negative
"Rain ruined everything I had planned, totally miserable ☔",negative
"This product changed my life for real, no joke!",positive
"Getting ready for the weekend, no big plans really",neutral
The new software version seems to work about the same,neutral
"Can't believe how great this is, highly recommend 👌",positive
"Getting ready for the weekend, no big plans really",neutral
"Called my parents this evening, same as usual",neutral
"Finished the book I was reading, it was decent",neutral
The new software version seems to work about the same,neutral
"Overcharged again by this company, absolutely ridiculous",negative
New album just dropped and it's everything I needed 🎵,positive
The presentation is scheduled for next Thursday morning,neutral
I'm exhausted and nothing seems to be going right lately,negative
I'm done pretending everything is fine when it clearly isn't,negative
Just got promoted! Dreams do come true 🎊,positive
"That new movie was fire, 10/10 no notes 🎬",positive
Genuinely the worst customer service I've experienced,negative
"The weather today is kind of okay, nothing special",neutral
"My team lost again, at this point it's embarrassing",negative
"Had lunch at that new place downtown, it was fine",neutral
Traffic was a nightmare and made me miss my meeting,negative
The kindness of strangers still surprises me every day,positive
"Finished the book I was reading, it was decent",neutral
The new software version seems to work about the same,neutral
So happy with how things turned out today!,positive
"Getting ready for the weekend, no big plans really",neutral
"Went grocery shopping, nothing unusual on the list",neutral
This is absolutely terrible and I want my money back,negative
"Did some laundry and cleaned up a bit, productive enough",neutral
"That new movie was fire, 10/10 no notes 🎬",positive
"Positive energy only, life is too short for anything else",positive
New album just dropped and it's everything I needed 🎵,positive
"Feeling so down and hopeless today, everything sucks",negative
"Positive energy only, life is too short for anything else",positive
"This made my whole week, totally amazing 🎉",positive
"The package arrived, it is what it is I guess",neutral
"Worst birthday ever, nothing went the way it was planned",negative
"Best decision I ever made, totally no regrets ✅",positive
"This trip was worth every penny, absolutely stunning 🏝️",positive
Can't believe I wasted my time on this garbage 🗑️,negative
The app updated and the interface looks slightly different,neutral
"Can't believe how great this is, highly recommend 👌",positive
Just got promoted! Dreams do come true 🎊,positive
"This trip was worth every penny, absolutely stunning 🏝️",positive
"Getting ready for the weekend, no big plans really",neutral
"Just woke up and making some coffee, another Monday",neutral
This is the third time this week something has broken,negative
"Rain ruined everything I had planned, totally miserable ☔",negative
Can't believe I wasted my time on this garbage 🗑️,negative
So proud of myself for finishing this project!,positive
"This product changed my life for real, no joke!",positive
"Love my friends so much, greatest support system 💕",positive
Traffic was a nightmare and made me miss my meeting,negative
"Worst birthday ever, nothing went the way it was planned",negative
"Incredible experience, would do it again in a heartbeat",positive
"Finally got my dream job, so excited to start!",positive
So happy with how things turned out today!,positive
"Traffic was average today, nothing to write home about",neutral
"The weather today is kind of okay, nothing special",neutral
"This product changed my life for real, no joke!",positive
"Failed my exam after studying for weeks, heartbroken 💔",negative
"Lost my phone and wallet on the same day, kill me",negative
"Watched the news for a bit, lots going on in the world",neutral
"This product is a total scam, stay far away",negative
"Did some laundry and cleaned up a bit, productive enough",neutral
"This service is trash, the worst I have ever seen",negative
Feeling blessed and grateful for everything 🙏,positive
"That new movie was fire, 10/10 no notes 🎬",positive
My team won and I'm over the moon right now 🏆,positive
Happiness is contagious and I'm spreading it today 😄,positive
So happy with how things turned out today!,positive
"This product changed my life for real, no joke!",positive
The new software version seems to work about the same,neutral
Traffic was a nightmare and made me miss my meeting,negative
This is absolutely terrible and I want my money back,negative
This is absolutely terrible and I want my money back,negative
"Called my parents this evening, same as usual",neutral
"Incredible experience, would do it again in a heartbeat",positive
"Traffic was average today, nothing to write home about",neutral
The meeting ran a bit long but it ended eventually,neutral
"Watched the news for a bit, lots going on in the world",neutral
I'm done pretending everything is fine when it clearly isn't,negative
The meeting ran a bit long but it ended eventually,neutral
I'm exhausted and nothing seems to be going right lately,negative
"Called my parents this evening, same as usual",neutral
"Can't believe how great this is, highly recommend 👌",positive
"Heading to work now, same routine as always",neutral
"The movie was absolutely dreadful, wasted 2 hours of my life",negative
That sunset was absolutely breathtaking 🌅,positive
"The weather is gorgeous, perfect day to be alive 🌞",positive
"My flight got cancelled and I'm stuck here, awful",negative
Temperature is around average for this time of year,neutral
"This made my whole week, totally amazing 🎉",positive
Today was an absolute disaster from start to finish,negative
"This is a disgrace, I am never coming back here again",negative
"The weather today is kind of okay, nothing special",neutral
"I hate how this turned out, completely disappointed 😠",negative
"Had lunch at that new place downtown, it was fine",neutral
"Went grocery shopping, nothing unusual on the list",neutral
Genuinely the worst customer service I've experienced,negative
"My team lost again, at this point it's embarrassing",negative
So proud of myself for finishing this project!,positive
"Traffic was average today, nothing to write home about",neutral
The presentation is scheduled for next Thursday morning,neutral
The app updated and the interface looks slightly different,neutral
"The update installed correctly, everything seems normal",neutral
"The weather is gorgeous, perfect day to be alive 🌞",positive
"Love my friends so much, greatest support system 💕",positive
"Can't believe how great this is, highly recommend 👌",positive
The kindness of strangers still surprises me every day,positive
Went for a walk around the neighborhood this afternoon,neutral
"This product is a total scam, stay far away",negative
"Failed my exam after studying for weeks, heartbroken 💔",negative
"The movie was absolutely dreadful, wasted 2 hours of my life",negative
I'm done pretending everything is fine when it clearly isn't,negative
"So let down by someone I trusted completely, betrayal hurts",negative
Happiness is contagious and I'm spreading it today 😄,positive
Just had the best coffee of my life ☕ totally worth it,positive
The presentation is scheduled for next Thursday morning,neutral
"That new movie was fire, 10/10 no notes 🎬",positive
The food was cold and the waiter was extremely rude,negative
"Best decision I ever made, totally no regrets ✅",positive
So happy with how things turned out today!,positive
"Rain ruined everything I had planned, totally miserable ☔",negative
"This restaurant is genuinely amazing, A+ would return",positive
The meeting ran a bit long but it ended eventually,neutral
"Ordered pizza for dinner tonight, nothing crazy",neutral
"Finally got my dream job, so excited to start!",positive
"Lost my phone and wallet on the same day, kill me",negative
"Did some laundry and cleaned up a bit, productive enough",neutral
I absolutely love this! Best day ever 😍,positive
"Ordered pizza for dinner tonight, nothing crazy",neutral
"The weather today is kind of okay, nothing special",neutral
Just got promoted! Dreams do come true 🎊,positive
"Love my friends so much, greatest support system 💕",positive
"This restaurant is genuinely amazing, A+ would return",positive
"Incredible experience, would do it again in a heartbeat",positive
"Heading to work now, same routine as always",neutral
"Worst birthday ever, nothing went the way it was planned",negative
"Heading to work now, same routine as always",neutral
"Worst birthday ever, nothing went the way it was planned",negative
"Finished the book I was reading, it was decent",neutral
"Tried a new recipe, it turned out okay I suppose",neutral
"The weather today is kind of okay, nothing special",neutral
"Had lunch at that new place downtown, it was fine",neutral
"Did some laundry and cleaned up a bit, productive enough",neutral
"Rain ruined everything I had planned, totally miserable ☔",negative
Watched some TV and went to bed at a normal time,neutral
"The weather today is kind of okay, nothing special",neutral
"Things are finally falling into place, grateful AF",positive
Woke up feeling refreshed and ready to crush it,positive
Burned out and completely over everything at this point,negative
"The weather today is kind of okay, nothing special",neutral
Finished my workout feeling like a champion 💪,positive
The kindness of strangers still surprises me every day,positive
Went for a walk around the neighborhood this afternoon,neutral
Life is beautiful when you appreciate the little things 🌸,positive
This is the third time this week something has broken,negative
"The commute was about what I expected, nothing more",neutral
"Watched the news for a bit, lots going on in the world",neutral
"The weather is gorgeous, perfect day to be alive 🌞",positive
"Had a regular day at the office, nothing stood out",neutral
"I'm beyond done with this situation, completely over it",negative
"Incredible experience, would do it again in a heartbeat",positive
"Went grocery shopping, nothing unusual on the list",neutral
"Best decision I ever made, totally no regrets ✅",positive
"So let down by someone I trusted completely, betrayal hurts",negative
"Incredible experience, would do it again in a heartbeat",positive
Feeling blessed and grateful for everything 🙏,positive
The food was cold and the waiter was extremely rude,negative
"Such a good vibe today, loving every moment 🔥",positive
Went for a walk around the neighborhood this afternoon,neutral
This is the third time this week something has broken,negative
"The library was quiet today, got some work done",neutral
"This service is trash, the worst I have ever seen",negative
"Finished the book I was reading, it was decent",neutral
"So angry I could scream, this is unacceptable behavior",negative
Went for a walk around the neighborhood this afternoon,neutral
"This made my whole week, totally amazing 🎉",positive
"Such a good vibe today, loving every moment 🔥",positive
Burned out and completely over everything at this point,negative
"This restaurant is genuinely amazing, A+ would return",positive
That sunset was absolutely breathtaking 🌅,positive
"Finished the report, submitted it, moving on now",neutral
"This is a disgrace, I am never coming back here again",negative
"So angry I could scream, this is unacceptable behavior",negative
"Incredible experience, would do it again in a heartbeat",positive
"Worst birthday ever, nothing went the way it was planned",negative
"The movie was absolutely dreadful, wasted 2 hours of my life",negative
Temperature is around average for this time of year,neutral
"Finished the book I was reading, it was decent",neutral
I absolutely love this! Best day ever 😍,positive
"Watched the news for a bit, lots going on in the world",neutral
Woke up feeling refreshed and ready to crush it,positive
So happy with how things turned out today!,positive
"Called my parents this evening, same as usual",neutral
"Heading to work now, same routine as always",neutral
New personal record! Hard work really pays off,positive
"Finally got my dream job, so excited to start!",positive
"I hate how this turned out, completely disappointed 😠",negative
"My flight got cancelled and I'm stuck here, awful",negative
"Finished the report, submitted it, moving on now",neutral
"Lost my phone and wallet on the same day, kill me",negative
"Positive energy only, life is too short for anything else",positive
"That new movie was fire, 10/10 no notes 🎬",positive
"Checked my email, replied to a few things, moved on",neutral
"The package arrived, it is what it is I guess",neutral
"Incredible experience, would do it again in a heartbeat",positive
Can't believe I wasted my time on this garbage 🗑️,negative
"Getting ready for the weekend, no big plans really",neutral
"Heading to work now, same routine as always",neutral
"Heading to work now, same routine as always",neutral
"Checked my email, replied to a few things, moved on",neutral
"This product changed my life for real, no joke!",positive
Just had the best coffee of my life ☕ totally worth it,positive
Can't believe I wasted my time on this garbage 🗑️,negative
Why does everything always go wrong for me specifically,negative
I'm done pretending everything is fine when it clearly isn't,negative
"Had a regular day at the office, nothing stood out",neutral
"This trip was worth every penny, absolutely stunning 🏝️",positive
"Best decision I ever made, totally no regrets ✅",positive
This is absolutely terrible and I want my money back,negative
"Had a regular day at the office, nothing stood out",neutral
"Things are finally falling into place, grateful AF",positive
Just got back from running some errands around town,neutral
Just got back from running some errands around town,neutral
"Had lunch at that new place downtown, it was fine",neutral
Temperature is around average for this time of year,neutral
"I'm beyond done with this situation, completely over it",negative
"So let down by someone I trusted completely, betrayal hurts",negative
This is absolutely terrible and I want my money back,negative
"Called my parents this evening, same as usual",neutral
The app updated and the interface looks slightly different,neutral
"This product changed my life for real, no joke!",positive
My team won and I'm over the moon right now 🏆,positive
The new software version seems to work about the same,neutral
"My flight got cancelled and I'm stuck here, awful",negative
Traffic was a nightmare and made me miss my meeting,negative
"So frustrated right now, nothing is working out",negative
Feeling blessed and grateful for everything 🙏,positive
"The commute was about what I expected, nothing more",neutral
"Just woke up and making some coffee, another Monday",neutral
"Called my parents this evening, same as usual",neutral
Genuinely the worst customer service I've experienced,negative
Went for a walk around the neighborhood this afternoon,neutral
"Did some laundry and cleaned up a bit, productive enough",neutral
"The movie was absolutely dreadful, wasted 2 hours of my life",negative
"The library was quiet today, got some work done",neutral
"Had a regular day at the office, nothing stood out",neutral
"Such a good vibe today, loving every moment 🔥",positive
The new software version seems to work about the same,neutral
"This product changed my life for real, no joke!",positive
"Positive energy only, life is too short for anything else",positive
"So let down by someone I trusted completely, betrayal hurts",negative
"The commute was about what I expected, nothing more",neutral
"Lost my phone and wallet on the same day, kill me",negative
Happiness is contagious and I'm spreading it today 😄,positive
The new software version seems to work about the same,neutral
"Finished the book I was reading, it was decent",neutral
Traffic was a nightmare and made me miss my meeting,negative
"So frustrated right now, nothing is working out",negative
"I hate how this turned out, completely disappointed 😠",negative
"The weather is gorgeous, perfect day to be alive 🌞",positive
"My team lost again, at this point it's embarrassing",negative
"Finished the report, submitted it, moving on now",neutral
"Overcharged again by this company, absolutely ridiculous",negative
"The library was quiet today, got some work done",neutral
"This product changed my life for real, no joke!",positive
Feeling blessed and grateful for everything 🙏,positive
"My flight got cancelled and I'm stuck here, awful",negative
"Rain ruined everything I had planned, totally miserable ☔",negative
Woke up feeling refreshed and ready to crush it,positive
"This is a disgrace, I am never coming back here again",negative
"Feeling so down and hopeless today, everything sucks",negative
That sunset was absolutely breathtaking 🌅,positive
"This product changed my life for real, no joke!",positive
Can't believe I wasted my time on this garbage 🗑️,negative
Finished my workout feeling like a champion 💪,positive
Finished my workout feeling like a champion 💪,positive
My team won and I'm over the moon right now 🏆,positive
"Had a regular day at the office, nothing stood out",neutral
I absolutely love this! Best day ever 😍,positive
"Read an article about the economy, interesting stuff",neutral
"I'm beyond done with this situation, completely over it",negative
Finished my workout feeling like a champion 💪,positive
"Had a regular day at the office, nothing stood out",neutral
"Lost my phone and wallet on the same day, kill me",negative
"So let down by someone I trusted completely, betrayal hurts",negative
"My flight got cancelled and I'm stuck here, awful",negative
Woke up feeling refreshed and ready to crush it,positive
Happiness is contagious and I'm spreading it today 😄,positive
"Things are finally falling into place, grateful AF",positive
"This product is a total scam, stay far away",negative
So happy with how things turned out today!,positive
"This restaurant is genuinely amazing, A+ would return",positive
That sunset was absolutely breathtaking 🌅,positive
"Had a regular day at the office, nothing stood out",neutral
"Watched the news for a bit, lots going on in the world",neutral
"Went grocery shopping, nothing unusual on the list",neutral
"Incredible experience, would do it again in a heartbeat",positive
The meeting ran a bit long but it ended eventually,neutral
"Can't believe how great this is, highly recommend 👌",positive
"There is a sale at the mall, might check it out later",neutral
"Tried a new recipe, it turned out okay I suppose",neutral
Temperature is around average for this time of year,neutral
Genuinely the worst customer service I've experienced,negative
"Love my friends so much, greatest support system 💕",positive
"The library was quiet today, got some work done",neutral
Happiness is contagious and I'm spreading it today 😄,positive
Life is beautiful when you appreciate the little things 🌸,positive
"Incredible experience, would do it again in a heartbeat",positive
"The weather is gorgeous, perfect day to be alive 🌞",positive
Just got promoted! Dreams do come true 🎊,positive
Life is beautiful when you appreciate the little things 🌸,positive
The meeting ran a bit long but it ended eventually,neutral
"Can't believe how great this is, highly recommend 👌",positive
Can't believe I wasted my time on this garbage 🗑️,negative
"Watched the news for a bit, lots going on in the world",neutral
New personal record! Hard work really pays off,positive
"Worst birthday ever, nothing went the way it was planned",negative
Life is beautiful when you appreciate the little things 🌸,positive
"Lost my phone and wallet on the same day, kill me",negative
Watched some TV and went to bed at a normal time,neutral
"Called my parents this evening, same as usual",neutral
I'm done pretending everything is fine when it clearly isn't,negative
"Finally got my dream job, so excited to start!",positive
So proud of myself for finishing this project!,positive
"Lost my phone and wallet on the same day, kill me",negative
My team won and I'm over the moon right now 🏆,positive
"The library was quiet today, got some work done",neutral
"Finally got my dream job, so excited to start!",positive
I'm exhausted and nothing seems to be going right lately,negative
"Today was absolutely perfect, nothing could be better",positive
Traffic was a nightmare and made me miss my meeting,negative
The new software version seems to work about the same,neutral
"Love my friends so much, greatest support system 💕",positive
"The update installed correctly, everything seems normal",neutral
"Watched the news for a bit, lots going on in the world",neutral
"So angry I could scream, this is unacceptable behavior",negative
Traffic was a nightmare and made me miss my meeting,negative
"Finished the report, submitted it, moving on now",neutral
"This restaurant is genuinely amazing, A+ would return",positive
"Ordered pizza for dinner tonight, nothing crazy",neutral
"My flight got cancelled and I'm stuck here, awful",negative
"Positive energy only, life is too short for anything else",positive
"I hate how this turned out, completely disappointed 😠",negative
"Today was absolutely perfect, nothing could be better",positive
"I hate how this turned out, completely disappointed 😠",negative
"Worst experience of my life, would not recommend at all",negative
"Worst experience of my life, would not recommend at all",negative
Woke up feeling refreshed and ready to crush it,positive
"I hate how this turned out, completely disappointed 😠",negative
So happy with how things turned out today!,positive
"The commute was about what I expected, nothing more",neutral
"Failed my exam after studying for weeks, heartbroken 💔",negative
Watched some TV and went to bed at a normal time,neutral
Can't believe I wasted my time on this garbage 🗑️,negative
"Lost my phone and wallet on the same day, kill me",negative
"Went grocery shopping, nothing unusual on the list",neutral
Watched some TV and went to bed at a normal time,neutral
I can't stop crying and I don't even know why anymore,negative
This is the third time this week something has broken,negative
"This service is trash, the worst I have ever seen",negative
"Traffic was average today, nothing to write home about",neutral
Feeling blessed and grateful for everything 🙏,positive
"Best decision I ever made, totally no regrets ✅",positive
Finished my workout feeling like a champion 💪,positive
"My team lost again, at this point it's embarrassing",negative
The app updated and the interface looks slightly different,neutral
"Heading to work now, same routine as always",neutral
"This trip was worth every penny, absolutely stunning 🏝️",positive
"Finished the report, submitted it, moving on now",neutral
"Lost my phone and wallet on the same day, kill me",negative
"Things are finally falling into place, grateful AF",positive
The presentation is scheduled for next Thursday morning,neutral
"Finally got my dream job, so excited to start!",positive
Just got promoted! Dreams do come true 🎊,positive
"This product is a total scam, stay far away",negative
"Rain ruined everything I had planned, totally miserable ☔",negative
I can't stop crying and I don't even know why anymore,negative
So happy with how things turned out today!,positive
Burned out and completely over everything at this point,negative
"The library was quiet today, got some work done",neutral
"This product changed my life for real, no joke!",positive
Just had the best coffee of my life ☕ totally worth it,positive
"This service is trash, the worst I have ever seen",negative
"Love my friends so much, greatest support system 💕",positive
"Feeling so down and hopeless today, everything sucks",negative
"Tried a new recipe, it turned out okay I suppose",neutral
"Read an article about the economy, interesting stuff",neutral
Life is beautiful when you appreciate the little things 🌸,positive
New personal record! Hard work really pays off,positive
Just had the best coffee of my life ☕ totally worth it,positive
Burned out and completely over everything at this point,negative
"Finished the book I was reading, it was decent",neutral
"Just woke up and making some coffee, another Monday",neutral
The kindness of strangers still surprises me every day,positive
"Had lunch at that new place downtown, it was fine",neutral
The kindness of strangers still surprises me every day,positive
"Worst birthday ever, nothing went the way it was planned",negative
"Just woke up and making some coffee, another Monday",neutral
"Feeling so down and hopeless today, everything sucks",negative
"Love my friends so much, greatest support system 💕",positive
"This trip was worth every penny, absolutely stunning 🏝️",positive
Burned out and completely over everything at this point,negative
"Worst experience of my life, would not recommend at all",negative
"This service is trash, the worst I have ever seen",negative
"The package arrived, it is what it is I guess",neutral
"Worst experience of my life, would not recommend at all",negative
"Such a good vibe today, loving every moment 🔥",positive
"Lost my phone and wallet on the same day, kill me",negative
"Things are finally falling into place, grateful AF",positive
The app updated and the interface looks slightly different,neutral
"Such a good vibe today, loving every moment 🔥",positive
"My flight got cancelled and I'm stuck here, awful",negative
"Heading to work now, same routine as always",neutral
I'm done pretending everything is fine when it clearly isn't,negative
"This trip was worth every penny, absolutely stunning 🏝️",positive
"Getting ready for the weekend, no big plans really",neutral
"I'm beyond done with this situation, completely over it",negative
"There is a sale at the mall, might check it out later",neutral
The meeting ran a bit long but it ended eventually,neutral
This is the third time this week something has broken,negative
"So angry I could scream, this is unacceptable behavior",negative
"The commute was about what I expected, nothing more",neutral
"Lost my phone and wallet on the same day, kill me",negative
"So frustrated right now, nothing is working out",negative
"Rain ruined everything I had planned, totally miserable ☔",negative
Happiness is contagious and I'm spreading it today 😄,positive
"Worst experience of my life, would not recommend at all",negative
"Overcharged again by this company, absolutely ridiculous",negative
"Ordered pizza for dinner tonight, nothing crazy",neutral
Burned out and completely over everything at this point,negative
"Had lunch at that new place downtown, it was fine",neutral
"There is a sale at the mall, might check it out later",neutral
"This restaurant is genuinely amazing, A+ would return",positive
"Finished the report, submitted it, moving on now",neutral
"The weather is gorgeous, perfect day to be alive 🌞",positive
Just got back from running some errands around town,neutral
Just got back from running some errands around town,neutral
"Called my parents this evening, same as usual",neutral
Just got back from running some errands around town,neutral
Today was an absolute disaster from start to finish,negative
"My flight got cancelled and I'm stuck here, awful",negative
"Did some laundry and cleaned up a bit, productive enough",neutral
The meeting ran a bit long but it ended eventually,neutral
My team won and I'm over the moon right now 🏆,positive
"This product changed my life for real, no joke!",positive
Can't believe I wasted my time on this garbage 🗑️,negative
I'm done pretending everything is fine when it clearly isn't,negative
"That new movie was fire, 10/10 no notes 🎬",positive
The new software version seems to work about the same,neutral
"Finished the report, submitted it, moving on now",neutral
"The commute was about what I expected, nothing more",neutral
"Did some laundry and cleaned up a bit, productive enough",neutral
"Traffic was average today, nothing to write home about",neutral
I absolutely love this! Best day ever 😍,positive
"Worst birthday ever, nothing went the way it was planned",negative
Genuinely the worst customer service I've experienced,negative
"Had lunch at that new place downtown, it was fine",neutral
New personal record! Hard work really pays off,positive
"The weather today is kind of okay, nothing special",neutral
This is absolutely terrible and I want my money back,negative
"Finished the book I was reading, it was decent",neutral
"Feeling so down and hopeless today, everything sucks",negative
This is absolutely terrible and I want my money back,negative
Life is beautiful when you appreciate the little things 🌸,positive
"I hate how this turned out, completely disappointed 😠",negative
"Overcharged again by this company, absolutely ridiculous",negative
"Finished the book I was reading, it was decent",neutral
"Failed my exam after studying for weeks, heartbroken 💔",negative
The new software version seems to work about the same,neutral
Woke up feeling refreshed and ready to crush it,positive
"This service is trash, the worst I have ever seen",negative
"Read an article about the economy, interesting stuff",neutral
"Had a regular day at the office, nothing stood out",neutral
"Overcharged again by this company, absolutely ridiculous",negative
"Things are finally falling into place, grateful AF",positive
"Best decision I ever made, totally no regrets ✅",positive
The kindness of strangers still surprises me every day,positive
"That new movie was fire, 10/10 no notes 🎬",positive
"Incredible experience, would do it again in a heartbeat",positive
"Finished the report, submitted it, moving on now",neutral
My team won and I'm over the moon right now 🏆,positive
Finished my workout feeling like a champion 💪,positive
Traffic was a nightmare and made me miss my meeting,negative
"This restaurant is genuinely amazing, A+ would return",positive
"This service is trash, the worst I have ever seen",negative
The meeting ran a bit long but it ended eventually,neutral
"The weather today is kind of okay, nothing special",neutral
Life is beautiful when you appreciate the little things 🌸,positive
"This made my whole week, totally amazing 🎉",positive
"Feeling so down and hopeless today, everything sucks",negative
"The movie was absolutely dreadful, wasted 2 hours of my life",negative
The meeting ran a bit long but it ended eventually,neutral
The food was cold and the waiter was extremely rude,negative
"Lost my phone and wallet on the same day, kill me",negative
Woke up feeling refreshed and ready to crush it,positive
"Can't believe how great this is, highly recommend 👌",positive
Watched some TV and went to bed at a normal time,neutral
"Worst birthday ever, nothing went the way it was planned",negative
"Ordered pizza for dinner tonight, nothing crazy",neutral
Went for a walk around the neighborhood this afternoon,neutral
"Heading to work now, same routine as always",neutral
"So let down by someone I trusted completely, betrayal hurts",negative
Just got back from running some errands around town,neutral
"Failed my exam after studying for weeks, heartbroken 💔",negative
Today was an absolute disaster from start to finish,negative
This is absolutely terrible and I want my money back,negative
"Finally got my dream job, so excited to start!",positive
"The weather today is kind of okay, nothing special",neutral
"Worst experience of my life, would not recommend at all",negative
"This trip was worth every penny, absolutely stunning 🏝️",positive
"Feeling so down and hopeless today, everything sucks",negative
"Read an article about the economy, interesting stuff",neutral
"This restaurant is genuinely amazing, A+ would return",positive
"This made my whole week, totally amazing 🎉",positive
I can't stop crying and I don't even know why anymore,negative
Watched some TV and went to bed at a normal time,neutral
The food was cold and the waiter was extremely rude,negative
"Watched the news for a bit, lots going on in the world",neutral
"Rain ruined everything I had planned, totally miserable ☔",negative
"Ordered pizza for dinner tonight, nothing crazy",neutral
"Overcharged again by this company, absolutely ridiculous",negative
"This made my whole week, totally amazing 🎉",positive
"Watched the news for a bit, lots going on in the world",neutral
Genuinely the worst customer service I've experienced,negative
"Watched the news for a bit, lots going on in the world",neutral
"The package arrived, it is what it is I guess",neutral
"My flight got cancelled and I'm stuck here, awful",negative
Today was an absolute disaster from start to finish,negative
Just got back from running some errands around town,neutral
"Can't believe how great this is, highly recommend 👌",positive
"Tried a new recipe, it turned out okay I suppose",neutral
"Incredible experience, would do it again in a heartbeat",positive
This is the third time this week something has broken,negative
"This trip was worth every penny, absolutely stunning 🏝️",positive
"This is a disgrace, I am never coming back here again",negative
"Went grocery shopping, nothing unusual on the list",neutral
"Finished the report, submitted it, moving on now",neutral
"The package arrived, it is what it is I guess",neutral
I'm done pretending everything is fine when it clearly isn't,negative
Can't believe I wasted my time on this garbage 🗑️,negative
The new software version seems to work about the same,neutral
Finished my workout feeling like a champion 💪,positive
Watched some TV and went to bed at a normal time,neutral
Genuinely the worst customer service I've experienced,negative
My team won and I'm over the moon right now 🏆,positive
"This product is a total scam, stay far away",negative
"Finally got my dream job, so excited to start!",positive
"Finally got my dream job, so excited to start!",positive
"So angry I could scream, this is unacceptable behavior",negative
"Checked my email, replied to a few things, moved on",neutral
"Went grocery shopping, nothing unusual on the list",neutral
"Watched the news for a bit, lots going on in the world",neutral
"So frustrated right now, nothing is working out",negative
The meeting ran a bit long but it ended eventually,neutral
"Finally got my dream job, so excited to start!",positive
"So angry I could scream, this is unacceptable behavior",negative
Why does everything always go wrong for me specifically,negative
"Finished the book I was reading, it was decent",neutral
"Things are finally falling into place, grateful AF",positive
I absolutely love this! Best day ever 😍,positive
This is the third time this week something has broken,negative
"Failed my exam after studying for weeks, heartbroken 💔",negative
"Failed my exam after studying for weeks, heartbroken 💔",negative
"So angry I could scream, this is unacceptable behavior",negative
"Tried a new recipe, it turned out okay I suppose",neutral
Genuinely the worst customer service I've experienced,negative
Why does everything always go wrong for me specifically,negative
"Ordered pizza for dinner tonight, nothing crazy",neutral
"Things are finally falling into place, grateful AF",positive
"Overcharged again by this company, absolutely ridiculous",negative
"This restaurant is genuinely amazing, A+ would return",positive
My team won and I'm over the moon right now 🏆,positive
I'm done pretending everything is fine when it clearly isn't,negative
Burned out and completely over everything at this point,negative
"Traffic was average today, nothing to write home about",neutral
"Worst birthday ever, nothing went the way it was planned",negative
My team won and I'm over the moon right now 🏆,positive
"This restaurant is genuinely amazing, A+ would return",positive
"The weather today is kind of okay, nothing special",neutral
So happy with how things turned out today!,positive
Feeling blessed and grateful for everything 🙏,positive
Why does everything always go wrong for me specifically,negative
